user_id;ingredient_id;num_views
456;2467;2
397;5537;1
92;5673;2
330;8663;3
311;8855;8
269;9893;1
140;3311;1
424;2442;1
372;8653;1
339;2071;10
397;5572;2
19;326;9
166;10178;3
190;3921;3
22;12767;3
107;6952;9
410;8147;2
261;10043;2
261;3609;2
474;13818;1
204;11485;1
84;13465;9
160;12206;1
384;695;1
387;7515;9
247;12112;9
287;8452;1
33;9268;7
25;1857;8
473;4082;2
68;2307;3
262;3474;7
306;14430;10
57;143;9
173;7878;1
234;13048;2
58;13477;3
106;9565;9
88;9737;3
412;7623;1
373;3457;3
165;634;3
136;4482;9
101;2992;8
130;2959;7
224;2138;3
221;9569;2
397;12532;9
16;1580;3
392;9942;8
35;4899;8
353;4080;1
3;1905;10
131;3246;2
140;5717;3
378;4985;8
100;7474;2
206;13754;7
108;5384;2
294;12153;1
189;14019;3
88;6090;2
140;4996;2
443;5373;8
379;198;7
246;12007;3
301;5435;2
410;3466;1
137;6665;7
499;7596;2
209;12953;1
226;538;10
395;1754;3
78;4706;7
174;962;3
213;640;9
312;3906;9
263;12179;8
35;6045;9
484;3906;10
225;3748;8
137;6375;9
213;12317;8
32;8375;9
271;3763;1
246;5884;7
137;6554;1
393;6135;3
160;10920;9
93;3131;3
413;306;2
410;2751;9
69;9464;2
168;4161;7
392;1995;7
446;6686;10
101;9316;1
1;7050;2
27;13398;9
259;14320;7
46;9597;10
339;9507;8
360;9461;8
64;8158;1
453;13121;10
173;1440;8
278;12786;10
138;7175;3
277;12971;7
454;14527;7
63;1148;2
194;4773;1
211;11107;3
476;7446;8
311;3787;1
153;7261;1
486;1451;1
148;13413;2
496;8378;9
80;6785;3
327;14360;8
397;12137;8
414;11211;10
7;2692;2
20;1095;3
199;7192;10
241;12957;1
21;13852;3
448;11533;2
427;5670;8
429;4143;7
106;2197;2
17;7969;8
196;12691;2
24;6974;9
303;8165;3
414;14271;8
332;9222;1
405;8720;2
144;9789;9
160;2726;7
216;13269;2
223;13970;3
482;2737;7
27;13185;8
285;7939;7
186;13941;1
247;13003;2
36;12002;7
435;14060;2
173;6185;7
249;3279;2
217;2964;9
498;1574;3
127;9275;9
428;8533;7
350;7351;10
478;4107;2
98;12865;2
393;2905;1
308;13871;1
122;10136;2
374;11375;1
406;7742;2
28;5699;1
351;6700;9
61;2906;1
151;11816;8
228;9771;3
24;8465;3
10;9265;7
71;6353;7
31;4164;2
461;3017;3
325;11576;9
251;5751;3
335;1607;3
411;10266;1
319;9198;3
227;5572;7
412;11251;8
71;8884;9
115;4770;8
314;6218;10
481;987;8
452;1345;1
423;6946;8
27;9181;7
17;7563;1
281;14125;9
429;1979;2
95;8349;3
300;8613;3
231;5160;3
365;5288;8
307;8080;9
375;7935;2
463;2513;2
387;6809;3
36;11894;1
370;12680;1
156;13794;10
349;6432;1
99;11661;10
216;10659;1
462;8865;7
86;606;1
358;7514;9
145;2159;7
200;8287;2
425;6600;8
53;447;10
190;2466;2
171;5150;1
287;8744;10
455;13420;8
248;4479;10
244;9018;2
140;4478;7
177;12562;1
1;5200;8
443;8502;9
194;13849;1
442;4248;2
182;10637;2
467;14217;9
60;14520;9
264;10428;1
464;7943;7
10;14212;3
172;10754;3
441;7108;7
483;2675;8
31;14171;3
97;10954;2
40;8233;1
182;8889;7
224;8209;1
201;785;10
478;9469;8
242;6056;9
450;11218;10
333;12682;9
190;14326;2
24;4883;8
467;2865;3
251;13316;10
204;13049;9
255;3245;8
268;6803;10
319;12734;8
220;5473;1
75;9658;3
251;4200;10
439;13448;1
178;6602;10
144;13164;3
325;8981;9
327;4853;7
228;3089;8
192;2744;1
433;8809;10
452;4650;10
472;13760;1
290;10652;1
370;5568;1
472;2301;2
364;5461;3
382;4460;2
62;11179;1
148;10746;7
379;4446;8
426;4519;9
362;10166;10
181;8301;3
415;2247;9
237;14018;7
48;4298;1
454;11448;7
190;2030;3
204;2923;2
456;5870;8
333;1158;1
128;13697;7
366;8430;1
269;626;9
259;10214;10
347;10885;1
218;7460;8
177;13908;8
196;6443;7
79;4116;1
398;5444;2
252;9895;1
112;13883;2
437;4931;10
455;533;3
463;9564;7
237;11820;8
128;12315;2
242;13114;7
360;10238;1
50;2154;9
343;8291;7
358;5184;9
473;12362;2
499;14085;10
347;1420;7
64;5521;3
435;3393;3
152;4955;9
227;9880;3
481;7091;3
494;5976;9
324;11365;2
193;12722;2
136;3915;3
123;13881;2
24;5650;1
60;1627;10
476;10286;8
215;8818;10
312;13693;10
461;7644;9
44;14225;2
212;164;8
82;9136;8
28;10051;3
231;11986;8
413;12986;7
92;8957;3
243;5663;3
420;3861;2
209;13313;1
327;5327;2
351;9284;1
186;3859;3
363;9960;7
162;10168;2
279;1150;7
62;630;10
23;2673;8
331;6806;1
74;2716;2
186;11273;10
281;2363;10
3;6312;3
419;2634;1
317;12388;8
456;5652;1
263;7415;8
445;6969;2
397;13762;10
263;10907;1
225;10971;3
180;7328;9
21;13261;10
213;1484;8
410;5361;1
325;5100;1
47;9448;8
354;13472;1
309;8133;7
232;11570;2
1;7959;7
17;8295;3
117;6032;1
230;8357;3
113;10298;8
313;8015;2
94;11992;3
248;9800;2
430;14481;2
98;5648;10
253;7371;1
474;12286;10
222;3387;2
260;12039;9
315;4563;8
92;254;8
400;12453;3
285;6472;2
231;4419;3
133;8682;10
318;8040;8
333;10789;9
144;7024;7
422;13973;1
491;10195;8
392;9437;2
64;1479;9
400;11033;10
308;7845;8
109;3549;2
259;728;3
419;2068;8
245;423;7
405;12142;9
61;1353;10
160;12921;10
71;4641;7
100;1194;10
159;6078;1
128;8083;1
135;627;7
446;9953;3
457;6465;10
112;6689;2
479;11913;8
146;6436;2
401;14262;8
37;10947;10
196;10486;1
344;7475;2
499;4357;9
266;7789;3
33;12269;10
217;10987;10
245;299;8
70;7896;3
488;11713;8
54;7252;2
239;6659;3
348;14360;1
155;6593;1
53;5137;3
21;3046;1
458;4434;3
94;2536;1
11;6285;2
475;3811;1
73;8125;8
334;3303;10
389;6003;10
264;1337;9
349;14061;10
485;9354;1
30;499;2
233;11303;8
98;6774;1
480;14434;8
328;12447;10
4;7995;8
84;177;2
441;6738;10
176;24;10
178;7720;7
454;3323;9
495;10215;3
170;6428;1
211;10177;9
459;6273;9
433;5814;10
295;3717;9
371;2097;10
153;1325;3
376;12870;2
344;2597;8
345;6710;7
144;3100;1
167;13753;9
487;6011;1
218;6912;2
437;3076;10
218;5242;2
167;2476;1
282;11298;2
190;3329;7
125;662;7
364;14029;9
436;6975;8
88;3764;1
444;10164;3
234;2519;2
120;8888;9
335;4007;2
265;10516;7
464;6321;1
423;2394;1
273;5806;1
319;4721;2
207;12856;2
355;5707;7
270;858;1
214;14434;9
349;5341;9
300;13186;8
151;366;3
228;2157;3
369;14156;3
109;877;3
366;7364;8
197;3332;7
137;2592;3
469;4259;3
331;5545;10
24;10193;2
257;2216;9
240;1018;8
118;7869;10
8;4575;1
217;9063;1
215;7331;9
322;2923;1
437;8723;10
332;6370;1
381;4679;3
183;5384;3
78;2616;8
253;3649;1
364;1429;1
363;7120;1
176;9571;8
288;9744;9
22;6509;9
10;831;10
140;4239;9
128;6012;10
85;9458;2
337;11417;7
122;3469;3
306;4428;10
171;5934;2
392;5515;9
303;14459;3
411;2863;8
346;14333;3
478;9611;2
136;3518;10
72;7194;2
111;2712;3
318;1459;3
193;10391;10
460;4324;8
332;4568;3
301;7294;1
201;12944;3
465;6621;2
374;7717;1
209;2909;2
456;11830;2
79;12298;7
347;6941;10
433;7192;2
480;3146;1
404;579;3
445;11042;3
40;1907;9
4;12148;3
290;3690;10
404;11790;8
39;7774;3
101;4177;3
481;9894;10
317;6097;2
272;4342;8
256;12759;2
152;12263;10
394;468;1
218;6345;7
148;6105;9
220;1883;2
218;728;10
140;12704;3
472;14450;10
332;4311;3
111;12103;8
465;10048;2
411;7371;2
385;10234;9
155;75;7
210;3355;1
242;3045;2
387;4932;9
202;11543;10
411;3649;2
253;8837;3
356;13021;2
376;14113;1
181;6134;9
93;11948;3
325;7937;1
478;1645;10
479;8261;8
368;2309;8
219;7944;2
495;3201;10
230;1252;3
389;12270;1
46;8218;2
28;11384;2
98;12848;1
143;1643;8
246;12598;8
301;4401;2
204;12014;1
251;8848;10
404;10101;8
28;11908;8
397;14053;9
170;2713;9
399;5071;1
31;8672;10
229;5536;1
224;2641;3
164;9429;10
79;12010;1
193;4354;3
96;10385;2
67;2548;1
427;811;2
332;1639;3
195;2585;9
481;6841;1
364;9874;9
189;9313;9
396;8653;3
124;2584;7
136;2426;10
215;8196;2
62;7976;8
462;12777;3
358;3914;2
11;14065;3
105;46;8
382;8479;2
181;10201;3
287;8891;3
454;10674;8
209;1992;3
132;1519;8
137;3010;2
87;12394;1
47;3669;8
464;12014;3
176;4501;1
474;6230;10
472;7871;10
272;1021;7
280;13281;3
299;8433;9
279;13798;3
372;2650;9
280;14399;9
439;2439;10
4;7780;3
36;2806;8
359;6170;1
408;2091;3
205;7540;1
162;11445;8
443;11932;1
67;14529;7
218;1628;9
273;3;7
408;14007;3
460;3024;7
107;2566;1
405;6934;8
466;12329;2
187;2721;9
358;10512;7
403;11764;2
313;3772;10
474;11111;3
413;8987;7
468;3072;1
52;6991;2
137;14012;10
345;8920;2
364;13535;2
224;10839;2
316;7006;9
66;4304;2
240;375;3
345;6489;10
363;10933;7
316;12953;3
193;9779;3
211;5265;1
348;665;7
273;2325;8
299;3399;9
316;12209;2
401;4869;2
444;13728;3
404;7634;8
476;13238;1
286;1112;2
441;2999;7
101;1944;9
10;7307;7
145;1429;8
62;1254;7
165;1234;3
357;7607;2
235;8862;1
285;2438;10
51;12562;1
484;1120;2
437;3707;1
22;2890;9
82;942;9
186;3500;1
474;11271;1
217;4429;7
281;12059;2
241;3536;9
339;12725;9
298;3592;7
448;11563;1
206;8195;8
324;10858;8
26;1116;2
223;1098;2
358;6987;3
36;13244;8
157;5033;3
359;10653;3
167;1538;10
56;9986;8
223;5616;1
458;538;1
363;1388;8
73;8323;7
107;11599;2
28;1233;8
465;600;3
2;7754;3
371;1614;2
285;5245;1
285;10514;8
34;1082;10
352;861;7
300;11478;2
395;1983;8
267;4425;8
61;9094;2
394;1506;9
462;10465;9
350;13076;1
265;6351;8
106;12462;9
492;3907;1
9;9024;8
250;13645;10
212;2224;9
328;4689;2
115;10242;3
457;11964;1
209;12974;2
325;6054;2
396;3525;10
213;6531;3
461;6891;2
435;6906;1
426;9643;3
283;4667;7
4;13982;9
86;7299;2
163;12226;1
491;5794;3
324;85;1
404;8271;1
439;11546;9
225;11519;2
234;5757;9
178;12413;8
441;129;3
281;260;8
157;10732;8
347;14512;3
468;4087;2
404;11469;1
54;887;7
440;4873;7
175;10030;2
431;10280;8
38;3900;10
180;4924;8
67;8820;10
63;11789;3
360;10075;10
448;395;3
461;8915;2
179;11056;9
451;6928;10
160;430;3
422;2762;10
488;13678;9
64;1285;8
460;2151;3
487;7302;7
51;9534;3
30;13231;3
175;6066;2
466;12575;1
423;10410;1
149;7121;8
71;3706;2
410;7185;2
157;2450;7
329;13158;7
41;14401;9
166;8067;3
44;11370;1
328;5382;1
344;7312;9
228;6089;8
459;12630;2
51;5457;8
429;5202;2
465;5533;10
430;9577;8
123;9695;8
43;13410;3
161;7650;1
6;1961;3
240;9518;3
112;8022;7
383;6388;1
101;11274;1
398;6846;1
380;363;1
428;1481;2
32;13210;9
356;9384;8
113;14242;7
363;1706;10
323;4121;2
498;8227;3
43;14413;8
472;305;2
413;14143;3
233;3805;2
219;8471;8
1;1426;10
356;606;3
357;3199;10
190;986;2
137;1330;1
34;5669;1
308;11534;3
85;5170;9
32;3738;10
80;5377;7
228;6339;3
386;8067;10
66;3024;7
244;2707;10
299;11366;8
313;7117;9
491;7639;2
223;7104;10
351;3136;9
376;13524;2
240;3091;9
424;7915;2
184;3715;2
50;12388;2
413;10878;3
23;793;10
378;10172;2
360;9818;1
127;10151;9
243;2219;2
79;14536;3
114;10890;9
61;11901;1
45;13121;2
466;14363;10
408;5428;10
385;11831;1
454;5953;3
485;14536;8
36;11681;3
337;11995;7
197;13089;2
41;2366;7
305;4559;7
184;12100;8
71;7573;1
367;3876;2
216;8116;1
393;8275;8
277;2228;7
34;13561;7
193;12994;9
142;567;8
489;5888;3
21;12675;3
246;11321;7
38;12523;1
446;7362;9
342;5639;8
313;1425;7
194;11425;2
195;11728;2
269;4120;2
197;11465;8
436;12514;7
40;9019;1
66;454;1
327;48;9
163;8520;8
496;4683;1
54;4535;10
305;3631;10
195;9734;1
373;3602;2
115;10427;1
125;10705;1
258;6204;7
428;13465;3
48;10868;3
278;10384;3
126;3284;9
166;6053;10
132;591;1
369;5125;9
161;1422;3
483;13157;2
12;9910;8
69;11565;2
44;10139;8
93;31;1
240;12516;1
417;6852;8
389;9914;2
163;11555;7
199;8266;7
67;4552;8
156;10743;2
435;10305;3
171;7246;3
279;9723;2
299;9148;7
55;7458;7
153;11473;9
188;7970;3
43;2483;10
86;8837;3
452;6124;1
105;8151;10
58;8009;7
9;10424;8
249;8653;7
318;13357;9
116;10075;2
181;12400;9
240;10458;10
477;2781;2
123;63;8
166;11464;1
85;8459;3
395;13629;3
81;4518;8
148;5355;3
24;13699;10
447;1438;9
186;2113;1
471;8080;1
206;1378;9
446;1826;2
285;11509;10
279;11270;7
186;4073;2
315;10788;10
135;12483;10
1;4284;10
106;7734;8
129;2635;3
236;14143;1
416;1102;7
74;800;1
99;6939;1
16;882;9
78;31;2
255;13355;3
469;9004;10
399;8974;2
258;9514;9
106;12508;1
60;4366;7
179;8443;3
404;13895;8
31;9599;2
367;972;8
343;7613;9
4;1212;2
93;1329;9
96;3319;1
369;2732;2
14;7485;2
207;3342;9
237;4357;2
90;13248;3
217;6595;3
280;5193;1
254;13374;2
222;4052;3
100;10021;9
20;3951;10
387;1841;10
217;2383;8
128;11162;2
90;7157;1
486;11507;10
376;6664;8
198;13576;10
353;13849;9
135;3102;3
215;4222;9
139;340;9
479;7833;3
350;11318;10
359;6049;10
431;9187;2
119;5262;8
81;86;7
227;1633;1
284;2307;2
364;3992;7
39;8428;7
372;6883;10
396;11819;3
104;3209;1
178;7664;2
249;4585;2
479;2099;3
225;2393;8
146;3271;8
296;10470;2
150;9065;1
425;3502;2
450;6828;3
449;8954;1
17;4783;9
369;714;8
1;8239;10
472;8930;3
449;4948;9
281;13170;1
62;12153;2
254;5122;8
167;7143;10
256;9006;9
73;14355;10
423;11565;10
129;1474;9
197;5405;7
219;4843;10
74;9297;2
269;14478;10
428;5432;1
140;2090;3
29;7351;7
228;1820;3
96;8566;9
300;1833;1
158;346;2
148;13998;7
89;12276;1
207;13701;10
453;1927;7
183;13095;9
486;10775;10
490;3888;3
166;1848;8
363;8906;7
157;14534;3
59;14532;3
47;780;7
179;7965;2
111;1999;3
477;4349;10
292;13727;10
204;5209;3
353;9119;10
374;10011;8
429;5961;8
149;6804;7
399;13390;2
29;9137;9
200;1781;7
475;3750;8
187;8541;2
52;4002;9
369;13170;8
12;9198;2
123;12039;1
200;700;3
217;4416;7
348;8074;2
126;3961;9
487;3740;3
346;10365;1
133;9733;10
271;4584;9
73;1105;9
491;8865;9
63;7390;1
181;6163;1
276;2508;7
289;8706;1
94;10496;1
42;3221;7
179;8178;3
325;4531;10
148;11669;2
87;9384;9
282;5837;10
407;1442;3
112;11939;9
499;11427;7
205;2783;10
334;11276;1
129;6583;7
179;7604;1
348;9360;2
244;463;1
15;5129;1
386;6567;2
225;8704;9
409;581;10
208;9874;1
418;5042;10
321;1187;8
32;11731;10
328;12869;1
442;14138;2
422;13999;8
35;14103;9
235;10395;3
78;4635;2
356;8381;8
110;7397;7
248;11993;8
36;1821;2
21;2468;7
494;7903;10
29;1074;1
246;14172;8
204;6996;8
62;13752;2
286;3024;8
173;8859;1
223;12277;1
155;1265;1
350;5833;7
430;62;2
288;2088;7
222;14437;7
219;5722;2
459;8150;1
140;2656;7
466;8531;3
89;7361;2
338;8511;10
434;2082;3
482;13609;2
370;6629;2
248;9633;2
106;12915;2
273;817;7
128;12372;2
349;6951;10
223;4839;3
408;3988;8
86;3242;9
431;12739;9
6;13427;8
74;4548;2
291;8097;1
131;9028;3
338;3984;8
244;8193;1
306;8775;1
488;1730;7
457;4441;9
118;7235;1
100;10706;10
134;10748;3
71;12541;2
42;4047;3
490;12231;3
329;13602;2
365;2012;9
177;6074;8
240;14177;1
335;1134;2
41;4166;9
120;5710;3
192;12722;1
463;10893;2
89;4342;2
290;13441;2
45;13550;2
288;12405;1
66;11886;3
331;9425;9
282;14164;8
161;11971;9
121;9836;3
369;3979;9
256;516;1
368;13645;3
270;9859;10
441;7806;8
481;4026;10
338;45;10
340;12645;8
109;4186;7
366;14027;8
313;2546;2
268;11949;2
369;7186;3
325;1794;3
45;11799;10
425;13045;1
237;8987;3
470;11399;3
382;1080;10
15;1580;10
170;12253;1
458;8325;2
377;12281;8
149;8133;7
77;13135;1
26;2559;10
182;953;2
227;4499;7
54;9206;9
200;7461;8
224;543;10
90;12845;10
253;12228;7
138;2709;3
248;11701;1
84;1803;1
457;5443;9
20;3256;7
249;10807;8
16;12399;3
115;10607;7
47;4897;10
62;3659;2
15;9217;3
350;7991;3
78;5397;8
390;6379;7
90;969;1
90;7470;7
103;5734;2
225;7106;1
361;2873;9
227;5466;1
325;12838;1
121;2870;2
144;5026;9
224;8532;8
360;8305;3
281;1240;9
371;11577;1
69;2314;7
197;4593;9
191;8739;1
297;7129;7
58;10817;9
79;10312;8
374;9016;7
295;884;9
180;14531;7
1;14072;3
209;3022;8
5;14240;7
433;6891;8
171;5347;2
43;4293;1
332;2482;8
18;1964;7
213;1170;1
137;395;7
88;4856;10
398;9632;9
127;3020;7
15;10234;7
117;1370;8
144;8918;8
328;7440;2
57;5602;8
59;5161;9
53;4266;7
183;14169;8
482;7648;7
299;7045;9
214;2281;7
293;3480;2
271;1710;1
44;3010;2
413;12352;1
165;8781;3
188;11631;8
189;330;7
340;1825;1
32;12086;7
303;8863;8
217;1852;8
492;1367;9
197;4925;1
383;1088;2
489;9064;9
349;4743;2
21;48;8
255;11021;1
101;1853;7
402;4689;7
76;9910;1
353;7940;2
407;7707;9
157;1578;2
68;6671;7
314;4153;1
178;5607;9
190;11006;8
416;8582;9
331;42;3
360;8228;9
92;4197;9
206;7277;10
151;11412;3
178;6863;10
128;8716;3
220;7915;3
487;6969;10
93;11166;3
307;14212;9
128;7766;9
16;11788;9
262;3706;1
396;4991;3
439;10919;1
330;2614;1
184;939;7
405;13210;2
7;7192;2
224;5489;2
154;7245;3
471;9640;10
47;7682;3
499;1640;9
397;8873;2
227;5956;7
68;14229;7
73;3883;2
218;3552;8
104;2987;3
40;255;3
415;7007;7
292;12579;1
40;12875;3
495;9930;3
152;1118;10
364;4726;10
339;6451;2
116;4674;9
470;8265;7
489;8783;8
335;7199;3
96;9931;7
311;8530;2
113;735;9
270;9914;1
481;7657;9
109;14183;2
233;6165;8
19;474;9
415;161;3
34;5354;8
125;8580;7
410;10067;3
395;1927;8
230;14402;3
355;9525;8
188;5386;9
370;3593;1
407;7969;3
435;11679;9
300;13645;3
225;11564;10
159;4045;1
472;75;8
222;2222;7
367;12738;10
34;3420;8
51;5151;2
278;5822;1
379;1839;10
379;14224;9
263;301;7
330;2444;7
269;14002;8
463;6400;9
185;4050;9
438;5510;8
238;3896;3
94;12801;7
228;8134;7
246;9724;3
435;3284;7
262;10825;2
194;12142;9
172;5663;7
6;2170;9
326;13537;7
160;12916;1
305;4578;1
20;6602;10
160;12701;7
419;7196;8
193;1496;8
370;8186;7
399;1776;7
168;4797;3
468;1700;10
159;2136;2
302;4488;3
190;11535;8
46;6802;2
348;14172;10
430;11540;10
365;5650;9
83;5866;9
393;6521;9
128;8107;1
459;9096;1
128;770;7
57;3970;8
307;6901;7
325;1303;8
302;7175;1
101;4885;2
63;2125;9
302;6349;10
442;7722;1
490;6923;1
255;7590;10
463;4233;9
289;6779;8
399;12470;9
166;14280;3
411;2026;1
256;13798;1
255;7863;10
281;13141;2
294;763;9
202;949;1
287;10318;10
395;2439;2
320;12403;1
165;345;9
294;8256;3
33;13366;9
175;3700;10
399;14452;8
172;5400;1
8;8325;2
300;1960;7
183;13405;7
478;10612;10
426;1541;8
284;5662;9
342;13422;2
203;2396;2
132;1549;10
28;10704;7
398;1992;7
143;4992;7
295;4436;8
171;13698;1
162;1779;2
339;1565;10
6;6641;7
59;6764;3
363;12377;3
250;5431;1
5;14262;10
109;11698;3
150;7973;10
457;481;3
56;6222;10
400;4155;3
457;216;2
311;1758;8
475;2568;2
459;13737;3
426;13020;10
311;11180;1
394;6342;1
5;168;8
67;6071;10
48;1431;3
289;4409;1
442;11110;1
465;13047;8
250;7396;8
135;4606;3
362;12563;2
140;4985;10
207;3831;3
219;2460;3
397;5738;8
363;7744;3
133;13606;9
237;6178;3
75;5116;10
165;8746;10
255;5868;3
257;3846;1
276;14479;3
219;2694;8
223;12278;2
156;3186;9
30;5695;8
397;10976;9
157;12400;10
136;7001;2
78;14339;3
417;14187;7
47;389;10
129;7440;2
479;6876;3
446;8657;2
121;1347;8
475;4084;10
232;3457;10
455;3733;2
199;6008;10
33;6474;2
361;4254;8
16;9385;10
82;9850;3
374;13854;8
185;8404;2
85;923;3
222;8793;8
248;3121;7
87;4898;3
329;10199;3
194;6448;2
355;2345;3
323;8953;10
53;13349;10
362;11063;10
80;3581;10
173;10700;8
439;5520;9
476;11151;3
186;11144;9
106;6263;1
130;13416;1
155;14244;1
201;13489;7
5;1627;7
35;13338;2
323;10799;2
350;10106;8
289;189;1
129;5660;8
446;8405;2
150;8505;10
103;7835;1
267;11284;8
66;4740;9
129;4791;2
213;11498;8
470;4925;2
422;2992;2
142;984;9
350;11650;10
199;14378;2
190;4380;7
52;13999;2
311;6210;1
378;8295;8
424;7796;1
447;11945;7
377;178;3
424;4999;2
359;14295;3
422;4785;8
327;12923;1
204;9203;7
497;8995;2
92;14473;10
475;9323;8
409;2812;2
88;2048;3
378;127;9
480;6988;9
28;6693;9
316;8558;1
425;1371;8
350;11366;1
490;2497;7
353;14161;1
38;10459;10
26;7218;3
46;5505;8
111;12046;1
475;641;1
385;7252;10
475;13975;3
375;12649;9
487;12084;3
87;10062;8
128;11274;10
447;8488;1
42;12552;7
314;7906;2
75;1850;2
253;8388;1
61;2689;10
306;8103;9
204;9000;9
108;1532;1
491;7050;1
50;5345;10
355;12994;3
10;6655;2
316;10648;2
484;576;8
234;6894;2
378;8712;10
474;2811;8
381;13761;8
411;12015;8
408;10097;9
37;3849;3
225;2753;8
172;12866;2
472;63;7
354;6501;3
218;8021;1
399;6555;7
247;1683;8
191;13497;10
320;4913;2
253;7201;2
296;2816;1
270;8119;10
363;8241;2
467;13112;2
351;1112;3
412;926;3
278;782;3
299;13688;7
389;2916;2
424;12625;9
210;12855;3
288;3763;1
327;13068;1
35;7715;2
276;4486;2
181;11672;8
375;8126;10
418;13257;8
260;6896;1
257;1355;3
368;13696;1
74;2137;1
478;3782;1
307;5079;1
407;9601;8
98;1894;10
299;14416;2
155;3604;1
50;12259;3
228;14162;1
445;5841;10
392;4009;8
404;6137;8
195;1357;2
454;2841;3
270;10664;1
15;11545;9
232;4885;3
21;10676;7
55;5754;8
298;7820;8
487;7574;8
353;10167;2
399;11330;8
212;3739;3
28;12233;3
74;10641;8
62;7575;1
165;10910;7
172;10356;8
323;7657;3
112;3009;2
293;1071;3
96;14387;9
118;12971;2
155;12758;9
354;2712;9
345;9714;8
348;847;8
224;9904;8
141;9376;1
279;7939;1
85;10249;3
8;4594;2
108;14539;2
261;13331;10
252;7523;1
192;3663;9
365;12945;3
242;9010;7
101;1587;7
167;12698;2
135;3264;9
39;5048;9
38;4680;9
145;4871;1
430;11418;10
436;2143;10
380;7918;1
67;5622;2
11;7830;9
150;10986;9
290;8963;3
260;6717;7
431;13224;8
351;6212;10
411;9482;1
362;2603;7
438;12918;1
90;10833;7
371;14115;9
191;7415;9
8;2294;10
280;7892;9
223;1289;7
433;2084;1
219;1881;3
329;8273;2
374;10758;10
106;252;2
478;2026;2
493;13093;3
464;4917;2
402;2674;8
131;5104;10
362;9581;2
368;12288;8
8;9481;8
448;11696;1
237;4783;9
318;14082;10
438;6950;3
340;6136;2
18;9570;3
142;12095;9
145;1155;1
154;1121;10
50;12047;9
227;3736;2
143;7318;2
82;11609;10
466;978;10
75;11467;2
333;12843;9
161;10707;1
441;455;1
408;12608;7
229;3416;3
421;1906;10
164;13896;8
466;4817;7
151;1087;9
452;9464;10
359;5225;7
360;4089;1
313;9584;2
289;13107;2
271;10429;8
267;751;7
411;9659;3
452;9215;3
276;5943;2
401;1329;9
128;5193;9
418;4226;1
74;2186;3
457;11724;3
449;10231;1
7;13869;8
310;4109;2
98;9045;7
21;1715;3
137;12642;8
368;1012;9
55;14453;8
13;9191;3
312;9703;1
330;11867;10
101;13305;9
230;5360;8
276;6874;7
399;12695;3
51;7430;7
379;174;1
29;10364;1
288;7192;1
128;13391;9
304;14078;3
443;12768;8
144;13603;9
219;6330;8
181;6334;10
404;13784;8
425;578;7
426;13868;3
59;9505;7
34;8000;1
232;11082;10
183;10204;2
244;651;10
128;11328;3
150;5196;8
255;2105;1
207;3164;1
349;4275;2
258;13157;3
264;405;9
60;13105;1
24;10652;7
22;72;8
75;3598;8
72;14279;3
430;12857;7
387;1308;8
18;4528;9
7;380;7
278;10420;8
485;12896;1
492;3976;7
296;8709;8
495;4803;10
376;10455;9
302;5482;2
36;7854;3
313;8649;1
20;13065;7
243;9342;9
431;9410;1
226;4256;3
59;9782;1
429;13932;8
133;14329;1
202;6203;9
476;11184;10
351;14218;1
245;14344;3
35;4901;1
387;7413;1
249;8823;1
435;11379;2
453;4802;7
405;3972;1
406;12328;8
359;12349;10
216;10951;9
106;11099;2
85;4924;3
154;11228;3
277;13666;3
350;2248;3
317;14467;3
155;7827;2
83;2501;9
460;9993;2
79;10035;2
89;10732;1
125;8784;2
199;8199;2
448;7418;10
493;10489;1
151;2515;1
214;10090;1
7;3838;7
399;1;1
56;13118;8
377;4503;1
408;14537;8
399;10476;9
499;14478;2
491;11986;2
279;9182;3
261;7982;7
318;969;9
330;13822;2
65;3844;9
109;10492;8
59;415;1
119;12643;1
253;1289;2
476;11413;7
491;11623;10
196;3774;7
79;7508;7
289;827;7
10;1914;2
12;11423;2
17;10352;3
385;4733;2
381;1520;2
311;8019;1
406;12310;10
47;12704;8
427;7946;10
301;12295;2
414;13805;2
486;2166;8
414;9492;1
30;9495;7
414;3683;2
190;9721;8
281;2279;1
47;14203;2
335;5507;7
10;12972;7
66;14107;1
231;12933;3
226;8991;3
280;4088;9
278;928;3
464;10709;3
459;10344;8
258;2682;7
296;5676;1
429;2178;3
394;3920;9
314;12926;1
472;14169;10
77;9018;3
404;13021;9
104;5275;3
400;2613;7
22;8175;3
282;7175;8
384;12334;8
135;6457;8
273;7747;2
388;1134;3
175;11555;2
154;1362;2
87;671;8
93;12355;9
336;13130;2
388;7144;8
186;8622;3
245;7762;9
409;9262;1
119;8224;2
371;1325;8
332;12107;1
497;4091;2
63;2263;7
177;11334;1
413;8703;9
486;8263;9
398;9605;2
413;5496;3
292;6577;10
379;378;9
191;11343;10
94;8690;1
477;5180;7
466;1813;9
127;5471;3
317;11478;3
128;2593;3
232;14244;2
64;4726;10
199;10440;7
218;7866;3
407;1812;3
103;2163;10
111;12389;9
79;14193;2
355;7522;8
15;10145;1
7;6620;2
267;878;3
54;8161;10
190;3139;2
487;11311;8
34;2320;2
392;9832;2
353;7438;3
358;5848;10
445;6517;2
359;6589;9
355;10026;1
189;11122;3
100;3987;3
117;4880;7
303;12724;3
6;6845;10
355;5231;9
251;2429;1
22;623;7
232;9561;9
307;13596;8
49;9727;10
131;12623;3
460;5722;7
96;3960;2
118;5086;10
444;663;9
301;7120;10
225;14185;1
12;10300;7
270;4558;1
286;4578;3
167;6828;8
126;1806;1
99;10053;2
346;13904;7
200;8626;1
67;9602;9
457;7173;9
476;9757;3
35;13605;2
449;6973;2
238;1665;1
448;8077;7
239;13997;1
145;5259;1
4;1208;2
319;2937;3
440;13173;3
21;2201;9
134;9092;10
136;6309;10
351;7250;7
318;904;2
222;3267;2
132;12800;7
212;4610;2
185;3295;1
208;1047;1
347;3745;8
166;3760;8
304;10765;2
477;5049;1
202;3612;3
95;9037;3
231;13582;10
134;12458;8
266;10147;7
444;3886;10
419;3416;7
327;6737;2
357;10288;3
34;5061;10
49;13560;2
139;10745;2
122;749;8
313;7777;10
313;14270;9
366;9007;8
40;5712;10
218;9789;3
354;8761;3
490;2248;1
168;3896;3
215;8069;2
36;11669;7
440;11740;10
242;5987;2
371;6264;7
200;1;2
7;817;7
482;2629;1
170;3280;10
257;4131;9
289;11566;10
456;392;7
259;9066;10
94;1220;9
62;8957;9
209;11206;2
227;12146;3
422;4157;2
73;2488;1
465;5356;2
337;2968;2
28;12126;10
105;12049;1
240;8002;1
229;10576;3
348;592;7
160;55;9
255;8495;2
150;10980;1
294;616;9
482;5144;9
366;2171;8
90;2312;1
170;10474;3
408;14448;3
335;1258;7
90;12057;8
379;1778;9
375;10059;10
55;2602;9
387;12715;1
289;3763;7
484;10862;2
20;9840;9
101;12484;1
240;7600;1
33;12921;2
240;1113;8
41;1396;10
455;11999;1
305;10541;3
187;389;8
122;4140;3
269;8969;2
256;8171;3
316;774;7
498;10608;8
93;9742;10
273;2026;8
315;12565;3
155;2934;2
304;10179;10
178;2960;7
194;5251;8
455;8023;10
457;13212;2
215;9872;2
291;8274;3
182;9174;3
255;2319;10
473;7648;10
486;4236;2
454;8559;2
231;13883;2
176;6287;10
148;5937;8
265;8433;3
92;9123;3
403;6436;8
58;1317;3
383;1549;7
421;8263;8
32;137;7
487;3362;10
310;101;10
324;5226;8
381;6060;2
192;9765;2
456;628;9
334;921;3
462;5467;2
282;11285;10
484;2215;3
425;5889;8
468;6566;2
399;14531;9
16;3190;2
17;9203;8
164;7331;1
417;2199;10
291;9073;8
132;1918;7
482;7280;2
458;12723;10
39;4778;9
434;14481;9
398;8919;3
347;1362;9
306;1324;8
452;3292;2
1;2085;3
279;11047;1
328;6228;3
225;7081;1
110;2084;9
27;11742;3
336;5451;8
435;3134;1
455;2545;2
346;1756;8
135;7392;1
227;13306;9
275;11759;7
197;5311;10
424;8657;7
448;11721;1
429;5588;10
223;2005;2
51;7901;10
99;6808;1
346;13760;1
259;9878;1
180;6271;3
466;9645;1
451;6361;8
431;6873;3
64;9397;7
391;11410;1
160;11160;8
192;1962;1
344;12953;2
313;4117;3
17;5746;3
211;1206;10
490;4781;2
428;12079;2
282;12062;9
164;14359;10
267;9073;1
325;14055;2
22;9070;2
355;8276;1
35;6426;7
4;1083;1
225;186;10
385;11902;7
173;247;10
3;8636;2
361;5851;8
30;10108;1
338;12215;3
289;13725;10
67;13876;10
391;10080;7
437;8078;2
234;12616;8
61;158;10
131;5169;2
465;1213;2
402;5834;1
52;7465;1
220;14038;10
360;2902;1
38;13703;2
334;2479;1
378;7805;8
316;3883;10
181;10052;3
482;13905;1
438;13232;2
134;10824;3
389;26;9
48;3286;2
376;8279;3
51;5523;2
174;1438;10
33;10388;9
200;364;2
90;12465;10
373;2315;9
311;11385;7
196;3903;8
73;7169;9
329;7760;7
106;2921;8
157;399;2
236;6490;7
291;5076;2
465;6924;8
442;8709;7
430;13950;10
452;6046;8
411;4114;10
76;4191;8
133;2292;2
46;1080;8
492;9189;10
357;13625;10
130;14125;2
55;5033;3
373;9352;8
307;3660;10
414;9888;9
156;2945;3
443;4988;9
99;7167;1
401;7062;9
332;305;2
295;10167;3
43;12682;8
424;6138;3
346;13599;8
240;13385;10
94;4465;8
325;9149;3
294;11333;2
224;7927;3
483;13181;10
257;6144;9
215;13639;7
429;2667;8
418;8593;3
214;5230;2
55;5531;9
260;3160;9
454;11683;3
487;11716;3
330;3649;9
223;13436;7
29;2422;3
23;12721;9
216;7301;3
74;7389;2
219;6274;8
343;12316;7
484;4542;2
109;10304;3
306;6310;10
263;2662;7
242;11884;1
353;4511;10
170;6782;8
453;4063;10
474;8273;2
369;1161;3
412;2532;8
309;6628;10
467;1834;3
325;11736;10
429;8238;7
107;13948;2
364;14488;1
388;2637;3
100;7923;3
119;12885;1
224;10636;2
102;12235;8
385;10012;2
416;9909;10
111;9525;1
65;109;1
38;7581;8
259;8937;3
377;2956;2
357;5405;2
43;9902;7
360;5339;3
180;12232;7
330;1348;1
24;2447;7
412;4771;3
36;2375;3
432;13928;9
370;1954;1
416;3768;2
58;13462;7
229;12869;8
189;4202;1
29;827;7
38;3352;9
363;112;3
417;7420;8
409;1276;1
432;4546;9
279;8652;10
233;9945;1
276;2057;10
60;682;10
178;3960;8
178;2163;1
145;6032;8
163;9692;2
181;7115;10
424;2836;3
223;7023;8
132;13364;8
372;9541;3
97;5662;1
352;6393;9
258;6641;3
254;5839;3
24;7506;10
185;1656;1
172;7774;10
154;7760;8
92;5411;1
24;13170;3
193;7721;9
63;1759;7
198;5125;9
136;1657;1
481;13963;1
55;1375;2
338;13597;8
39;2684;3
151;12440;3
147;5900;3
448;3714;8
83;10880;8
401;10714;2
77;12403;3
60;13348;2
334;7509;3
479;3360;9
257;8676;1
487;8096;2
447;4001;10
362;7495;7
463;1062;8
410;882;3
466;11977;1
350;2032;3
468;9981;1
193;14080;2
302;14048;1
435;8564;3
307;5802;7
189;901;1
361;10169;3
389;7919;1
155;5044;8
196;3707;1
155;836;3
30;9168;3
77;2672;1
131;6100;7
119;8468;8
116;1502;2
316;3406;3
125;6984;8
449;5895;7
83;3649;2
357;14089;10
464;1071;3
3;4528;3
295;632;3
440;3503;3
17;12027;10
414;3690;2
126;628;10
417;2826;3
352;1119;7
449;12866;7
227;11246;1
446;7704;2
366;3798;3
142;1627;2
270;2066;3
423;10633;1
209;9988;1
182;13593;10
400;2070;9
473;5618;2
30;9436;3
97;7053;10
132;2467;10
105;7821;7
176;2057;3
338;12354;3
376;11682;9
118;14177;10
392;7716;7
268;1478;8
130;11011;8
87;2264;7
480;134;1
424;10048;10
193;4265;7
470;12263;1
186;683;1
484;3297;1
253;14394;10
13;4507;8
126;8123;1
128;2671;10
32;13941;1
270;10655;1
140;85;9
122;4999;9
24;3644;8
410;9725;7
499;9830;2
328;7801;10
93;4497;3
280;12741;2
355;13344;8
223;3820;10
413;3332;9
156;10176;3
488;9488;1
93;7958;10
37;14191;2
430;8393;2
157;10767;2
22;8211;10
420;6191;2
233;8882;10
110;10362;2
279;4228;7
200;1579;1
55;6385;10
302;244;10
286;8285;1
105;12469;2
444;11320;2
16;9568;1
344;9910;2
340;6592;10
195;7781;9
289;8890;1
170;11916;10
52;50;1
330;3540;10
431;9705;10
91;8400;7
86;1527;7
416;8987;1
482;14123;1
425;5754;10
254;5537;7
217;12650;3
334;8888;8
11;857;3
175;8970;9
185;268;2
215;3316;10
53;606;9
172;11755;7
249;7122;2
39;5002;1
52;4075;10
399;6234;3
149;3238;10
373;12302;3
232;12637;10
152;1204;9
261;4658;8
308;10419;10
260;771;2
29;9285;10
91;12542;3
85;7552;3
180;6883;9
54;4935;9
444;1310;9
451;8216;9
36;1033;10
277;6779;8
203;367;10
126;3015;9
171;7259;7
330;4799;9
160;13406;3
432;12000;1
205;5858;7
222;9917;3
242;13341;8
310;1513;10
112;3105;8
498;14514;9
279;3453;1
294;10290;9
355;7795;8
390;888;1
412;1915;3
307;1758;9
167;5970;2
444;800;2
49;9355;10
255;5580;2
316;2922;10
157;14392;2
254;13803;2
457;1656;1
170;5618;8
10;5193;8
496;3805;1
363;13680;10
391;12788;9
417;7191;3
488;13750;9
30;282;1
267;12475;3
325;355;2
101;11672;9
447;4283;9
274;5680;7
447;6190;3
112;13227;8
48;7648;9
163;638;7
439;7142;3
427;3331;9
201;4402;3
33;10161;1
394;5497;7
482;12717;1
142;1986;2
224;4831;3
160;8871;8
111;2876;9
277;1151;1
204;6505;7
45;8733;8
138;13683;7
36;3984;2
369;1272;10
255;7571;9
303;1830;3
376;11081;8
296;1050;2
267;9318;8
416;5164;10
17;10110;9
33;1483;3
126;12307;10
274;12527;3
337;126;9
186;10938;1
399;14483;7
221;6044;10
441;11164;9
276;7695;7
235;4912;1
8;2860;9
95;10574;10
152;1104;3
89;5774;2
239;8022;3
93;4018;8
150;6701;10
67;2460;1
8;12375;9
188;1928;2
489;14329;8
454;8040;8
128;12231;10
376;5093;3
164;13128;3
468;9268;10
234;2176;10
412;9823;9
268;8777;1
229;2123;7
479;4990;1
23;7335;10
441;9424;9
245;14456;7
492;6024;2
266;9702;3
376;9437;10
425;3237;8
307;1851;3
28;11896;1
364;695;7
332;10351;1
309;1310;3
178;14524;7
475;13633;8
114;8303;10
344;12409;2
332;13408;1
473;9224;1
467;6207;7
404;1169;1
69;1797;8
136;1680;2
39;12272;9
287;6391;9
219;8249;9
460;13338;7
433;8152;1
393;3444;3
335;12804;2
425;6225;10
81;11752;7
139;13519;1
155;2848;2
33;4106;2
445;10139;1
69;570;1
79;6818;2
314;14449;2
122;6342;1
120;13703;10
44;2330;2
183;5159;9
448;1896;7
21;7209;7
336;8944;1
270;1859;8
339;7972;2
209;4844;7
409;3097;7
478;11141;3
232;3319;10
13;7347;1
470;3489;10
16;10954;9
384;13387;9
183;5522;9
377;749;3
92;8478;1
93;11734;2
4;781;1
193;4264;3
214;7884;1
30;3299;2
32;11526;7
326;1687;7
133;13915;7
331;5713;7
487;3231;9
480;9267;7
226;981;1
466;2053;3
489;8551;3
62;3360;9
381;6887;3
363;12755;2
240;6463;7
114;1554;8
258;11851;7
420;8754;7
184;14431;8
461;11105;1
331;5405;1
15;547;1
23;13680;2
353;7855;1
429;698;10
356;9766;8
179;1658;9
299;7066;10
127;8766;3
470;906;9
146;11163;9
166;2712;9
100;7075;8
283;295;9
186;844;9
493;11315;8
64;5972;1
116;8627;3
351;72;3
297;10619;1
221;13915;3
178;12807;3
260;973;7
254;14465;3
376;7951;1
83;1113;9
449;5924;10
160;11580;10
423;4518;2
309;13411;3
454;8221;10
438;10671;9
382;13300;3
122;2891;8
40;613;8
94;12174;1
146;11919;2
262;1756;3
474;600;1
320;9078;3
337;13255;3
119;9319;7
65;1275;3
71;2667;8
186;14321;3
59;8342;10
327;14139;9
59;4634;10
276;5024;7
127;10070;1
299;7921;8
343;12037;8
131;1430;10
486;7189;9
245;3954;8
91;3036;9
359;1142;2
242;1515;1
73;13270;9
137;10082;9
127;7830;1
41;10719;3
96;2342;3
198;10919;3
351;3594;10
69;230;8
355;12003;9
125;12192;10
473;3290;2
69;7059;7
23;3546;7
332;3634;3
442;6729;7
201;10191;10
159;5992;1
48;3315;1
139;14495;7
41;2291;3
68;7407;3
236;1239;2
409;2332;8
341;641;2
150;1071;9
468;2223;2
385;138;3
381;3475;2
496;6574;2
395;12481;1
45;4057;3
313;451;8
474;7476;1
239;11162;10
314;12561;1
43;12412;9
324;11744;7
497;10974;2
22;6716;3
229;1285;9
107;3703;2
23;3346;3
73;1914;10
136;13921;3
431;9152;2
255;9300;2
416;12733;9
162;6754;7
413;6255;9
188;5336;2
86;10015;9
38;2941;9
114;12902;10
351;9732;7
82;11678;9
163;13960;7
460;4095;10
388;371;3
459;382;9
174;5044;2
235;9412;8
495;8884;7
69;11866;7
167;7647;3
411;3728;1
112;12998;8
183;37;2
469;5887;2
264;11182;10
414;5213;3
303;5509;1
423;2484;2
434;11481;2
201;9351;9
498;3885;1
112;6636;3
89;5866;9
382;11357;7
268;6280;8
202;880;3
135;6599;9
319;3207;9
213;6786;2
297;14228;2
496;14008;7
217;6687;2
81;2335;8
273;6634;1
436;8179;2
431;11885;1
349;7339;9
482;8799;7
111;1076;3
228;4786;2
81;6873;7
482;7377;7
101;9882;8
47;7711;7
139;796;2
87;12572;10
292;7709;1
474;2615;9
374;9085;1
416;602;9
16;7781;2
33;13221;1
148;3142;3
249;11915;10
343;6620;2
361;173;9
134;6904;10
485;3246;3
282;2183;7
442;4946;3
413;13285;2
482;10322;7
137;14471;3
79;11783;1
167;259;9
133;1769;7
174;13254;7
378;2218;2
32;2148;7
388;11153;9
63;415;10
335;3561;1
346;8050;1
153;10295;9
310;7245;2
420;6599;2
438;8280;10
72;12844;2
160;7994;3
105;9530;3
91;11863;2
256;4771;1
86;8280;3
22;4770;9
11;6107;10
212;68;3
92;6627;3
194;2173;2
277;2121;8
20;9199;2
387;9739;1
457;360;7
307;10731;7
273;7608;7
328;7601;7
171;13963;2
2;3372;2
475;7748;1
201;14105;1
169;4861;3
346;4208;7
387;14044;8
84;4193;3
301;611;8
390;13222;1
155;9401;3
206;4054;9
111;1100;2
365;139;2
166;14013;1
9;7605;9
154;6642;3
96;3517;8
109;1101;7
396;352;1
233;6329;8
365;11311;1
360;10100;8
481;3342;8
231;4134;3
178;13334;1
131;7692;10
117;11647;10
137;7464;8
4;9805;2
70;2116;9
6;7630;7
196;8121;9
246;423;2
477;5664;7
105;10614;10
96;9009;2
355;8746;7
65;6225;8
462;534;3
109;2524;8
284;5942;9
456;12503;8
217;11268;7
472;2462;8
468;2319;3
392;4424;8
377;11862;9
106;7609;7
158;1398;3
219;1108;3
293;14251;3
411;11230;7
386;9025;2
47;7381;9
51;4837;2
225;692;8
483;6304;1
481;6017;9
223;6056;10
55;1905;8
246;9426;1
310;9137;1
85;13795;10
21;1988;8
119;7049;2
486;10420;1
205;13056;3
76;3390;8
133;3572;1
421;11271;9
154;12680;10
104;12368;9
221;9167;1
194;13865;7
442;10602;1
388;9302;2
268;1309;8
82;3949;3
303;2794;10
234;14017;10
414;11610;7
81;9719;3
473;5420;10
182;7497;8
250;9335;3
274;1327;10
93;644;9
404;10205;10
276;13070;7
131;14354;9
306;3827;9
279;4099;2
68;928;10
42;11152;8
432;10813;8
442;1879;1
491;2695;7
27;6569;1
68;10837;9
379;13103;10
61;5836;8
298;8615;3
270;12546;2
380;1459;9
12;9141;10
396;4175;2
244;1398;10
236;393;1
227;917;8
100;7809;2
196;11398;10
499;9293;3
236;14047;10
101;7912;3
152;7546;1
413;8453;7
64;9767;1
194;10111;2
402;3218;1
129;1597;8
439;2289;10
21;11341;10
165;9652;1
468;10690;1
354;9872;3
135;12059;10
300;7974;2
287;8028;7
364;7711;9
470;7704;8
130;8786;10
13;3975;8
277;5650;1
142;5915;3
449;3952;2
338;10282;9
142;5368;8
27;5176;8
301;10283;8
35;4265;1
263;3148;1
168;2231;8
208;2866;1
314;5278;9
443;3381;9
240;8946;10
56;11841;3
135;1356;7
485;13916;9
86;723;3
68;9693;10
208;6423;2
213;557;7
147;3138;10
341;6863;8
326;3621;9
485;7149;2
268;13845;1
130;2299;7
230;9264;2
314;5111;7
203;4726;2
233;6921;3
316;9938;2
422;11684;2
324;11834;7
459;68;10
318;10506;2
387;7180;3
143;1589;3
232;6950;8
456;6385;10
276;4985;1
479;1858;8
385;904;1
481;7611;10
491;10369;9
285;9405;7
70;14188;10
332;6697;2
56;3114;8
273;12924;7
242;669;2
400;12278;1
62;4975;8
341;7985;7
457;1425;3
424;885;3
193;9600;9
364;4129;8
94;4028;9
30;13551;3
257;8429;1
275;4183;7
336;8793;10
284;6172;10
86;14264;2
416;4445;10
307;2420;1
272;3246;8
203;2171;8
137;9363;1
212;229;8
340;2480;8
322;6296;8
68;11518;7
126;5485;1
123;13295;8
178;10139;1
66;4950;2
260;9351;1
81;856;7
283;9033;9
364;12163;10
362;10841;8
397;4166;7
64;7813;7
231;6849;8
45;10233;2
480;11670;1
291;4074;9
151;9008;9
291;2326;10
175;875;7
305;5160;8
106;11205;10
111;6623;9
386;7871;2
75;12136;7
258;13424;10
49;7434;9
411;1360;3
309;9459;3
44;13362;2
2;11651;10
360;12608;1
74;5804;9
192;13376;2
290;7356;1
159;3327;2
107;11034;9
282;9397;7
126;9230;10
361;11082;2
102;5069;2
337;10881;8
16;10227;1
43;11169;9
332;1668;1
359;9731;2
299;9813;3
15;6519;10
64;3540;7
119;6109;9
373;12263;3
422;9390;3
408;13820;1
90;10609;2
169;3737;8
85;10873;3
40;12215;8
272;3426;7
450;13442;2
79;1053;2
320;11192;9
230;7894;8
255;4422;8
481;11278;7
159;11284;1
147;10262;8
310;14384;9
406;11169;1
85;7510;10
292;1842;1
23;5013;7
325;4306;2
479;11655;3
315;8420;1
66;1879;9
323;8233;7
79;11072;8
430;7232;9
87;666;3
23;344;7
427;3594;2
63;4094;7
178;9827;8
84;5838;7
358;3473;1
5;5721;7
84;9321;7
322;1401;7
89;4116;8
248;1311;1
442;10318;3
325;11814;7
440;13097;9
261;14495;3
448;5640;1
268;4097;2
347;14017;8
53;478;1
461;12822;2
303;10386;3
196;5218;7
441;10481;2
93;6220;3
335;517;3
384;3735;10
355;13224;1
72;9458;9
261;6587;3
228;923;8
84;2272;3
435;8921;9
166;13181;2
428;13974;7
401;9360;7
444;11129;9
213;4211;8
479;9716;7
476;12931;10
207;11319;7
286;9138;1
133;3398;7
412;3325;2
396;469;1
287;8350;2
190;1729;8
59;1703;1
480;9689;10
282;2143;2
479;13810;7
371;8483;10
373;4818;1
90;5658;3
345;3255;1
50;12641;8
104;9401;8
112;14505;9
436;6633;3
127;4485;3
416;9663;2
123;3888;7
91;8783;3
128;5043;8
148;12416;10
429;4884;7
296;1826;10
117;2956;2
442;3028;1
114;10422;3
106;726;1
128;1236;2
109;11850;3
204;6384;9
463;8024;10
72;2027;7
395;432;10
19;11878;8
314;8157;7
331;7128;7
201;1939;8
278;9361;7
399;10248;3
193;9604;7
281;2823;9
205;1931;7
308;12453;3
355;4564;7
341;12696;2
232;1258;3
171;6016;9
305;6114;3
371;4351;8
339;5530;2
440;1584;2
263;4907;3
90;5487;10
439;2851;9
13;1840;10
159;5434;8
170;11207;1
451;4352;1
474;14383;8
251;8460;10
221;8106;8
306;3498;7
5;993;1
335;1009;3
350;3628;7
215;1496;1
485;5149;10
451;7369;1
455;6868;1
81;8007;9
499;13873;9
443;8929;7
350;1645;1
182;1635;10
267;3274;2
98;12534;2
496;1517;2
362;6061;1
450;2670;2
162;14150;8
397;4228;2
90;8630;2
118;532;2
215;1764;3
248;14196;9
249;12230;10
86;5069;3
439;11839;2
171;575;1
236;9340;8
222;9747;1
210;6590;2
137;6648;7
496;11913;10
97;12524;3
91;13084;8
317;105;8
247;4881;1
36;5641;7
375;9082;2
188;3469;7
424;11529;1
87;363;7
34;11445;9
475;3714;1
437;4011;9
76;13653;2
482;11939;8
101;6541;10
267;12383;7
75;13241;7
76;8224;9
441;3237;7
261;4567;9
61;11640;3
389;7677;7
456;3765;7
200;4528;1
92;12157;3
424;6385;2
36;6198;7
350;2490;8
47;2446;2
96;2430;3
402;2263;7
95;10848;8
328;6011;1
115;9438;1
250;10535;8
488;10937;10
325;14394;8
485;2830;8
113;8318;1
63;2452;9
160;13824;9
120;1282;2
188;10773;1
300;12708;7
82;3063;3
261;11302;1
486;7593;1
454;4202;9
99;8938;9
388;5616;3
169;11783;2
154;12138;9
72;12422;3
439;13699;1
246;9963;7
451;7318;9
80;4004;9
402;2028;7
244;9499;10
258;6215;1
212;6516;2
167;5232;10
344;12159;2
464;4237;10
106;694;10
488;2738;1
55;3941;2
441;11518;1
174;3225;3
58;8708;8
225;8739;9
469;6669;3
113;13219;2
262;2313;1
198;6677;10
272;3498;8
361;8962;10
214;2767;3
303;7999;10
364;171;1
118;13136;7
364;1146;2
221;6219;3
258;7371;8
75;11672;7
398;3747;1
308;11303;2
15;13963;3
306;4941;2
147;7610;1
262;12145;1
90;5915;9
123;942;1
251;2696;7
496;4958;9
45;13912;3
229;2640;7
359;778;10
435;3930;10
340;10074;7
193;5636;3
409;1872;8
490;1265;10
223;9836;1
172;12752;8
53;8044;9
409;1456;7
70;1790;1
67;2132;2
274;330;9
456;2300;9
294;10619;9
359;11934;2
315;11660;8
147;6266;10
366;10419;9
367;12055;2
153;11536;3
363;245;10
412;1769;10
386;13830;3
263;10424;2
74;7872;7
437;13335;3
339;4748;10
433;1510;8
338;10176;9
56;494;3
232;12877;3
132;1215;10
305;900;10
326;6610;1
449;4973;1
211;12800;1
54;11454;7
118;8090;8
209;6449;9
322;13554;2
466;2300;10
436;1098;10
194;4842;8
147;9021;10
182;13466;3
126;9036;3
84;2824;2
229;13525;7
2;13631;9
18;7571;9
470;6956;10
249;6314;7
281;3710;1
73;4921;2
115;11114;1
481;4651;10
435;6082;2
325;5530;8
387;7817;2
459;12246;8
204;936;3
34;5412;10
439;7641;7
59;10246;3
432;318;7
176;4997;2
271;13638;1
102;13990;1
155;788;8
357;3879;3
466;8247;3
66;10638;3
494;1878;3
410;10095;7
148;2144;1
143;14305;2
367;3595;3
493;3835;7
466;12615;1
270;893;10
405;13785;8
429;2869;2
359;7793;10
233;4165;8
421;11602;2
88;14014;2
443;10420;7
146;1744;1
163;6720;2
319;13435;10
26;4966;2
23;10322;2
299;915;3
319;1727;3
474;10247;2
495;12979;3
383;8971;1
387;11414;2
7;10483;2
373;6198;3
222;2562;2
484;3759;1
57;9602;8
322;2136;1
265;10760;7
491;5733;10
51;14215;3
21;7778;2
173;13415;9
73;3782;2
231;3452;3
73;8710;7
194;4584;3
186;1678;8
209;13329;7
131;6483;10
302;10038;8
335;2872;9
269;2199;7
399;13975;7
424;7709;1
207;2031;10
122;304;3
123;14410;1
449;1307;2
77;8866;2
120;7588;10
16;10737;8
199;1722;7
312;8891;2
466;3286;2
138;242;3
369;10229;7
294;8284;8
270;10702;8
395;2806;3
263;13280;10
102;5897;8
55;7643;9
429;10435;10
284;11844;3
296;12187;9
6;10419;8
28;982;3
389;11414;8
468;2796;2
399;9383;1
427;677;3
474;6497;1
453;3897;3
115;6558;1
170;10054;2
129;8422;10
324;11779;3
269;14063;1
400;14518;10
51;13947;8
42;9295;3
254;14493;9
311;7437;9
234;13253;10
418;6494;9
429;3605;8
168;1523;9
413;4848;1
267;7455;8
174;6510;1
191;9344;9
426;12834;1
423;3998;1
429;9540;2
107;7788;2
475;5512;9
159;13596;3
35;9849;3
271;5092;10
273;8058;2
285;9801;2
207;4316;10
15;4188;7
250;285;2
286;2232;10
304;12822;1
172;12650;2
245;12142;7
101;11958;3
428;9222;3
457;6104;8
145;9316;9
345;11654;7
306;5079;3
489;5056;1
356;524;2
370;5805;7
221;3132;2
493;9979;1
408;13340;3
340;3991;1
483;8760;9
232;3116;10
265;4726;10
95;9649;2
36;8309;8
30;3243;2
77;12865;10
197;8472;7
217;13266;10
471;8442;9
388;6456;2
78;6079;2
101;13825;10
308;3319;1
499;6840;8
14;2268;8
37;12794;7
195;8628;3
387;375;7
40;2787;3
413;8602;1
187;1727;3
207;9112;7
53;7022;2
380;6426;2
77;5475;10
453;1592;9
170;4062;9
468;12256;2
14;7383;2
213;4384;2
449;9326;3
310;9666;8
495;3560;3
186;1752;1
299;11037;10
191;614;2
97;8658;1
440;8140;3
146;3363;10
457;4811;2
37;10670;9
224;9270;2
358;5450;3
11;5353;2
133;4774;8
406;3531;1
261;1709;1
225;1184;8
282;1053;8
490;490;3
155;1844;1
103;14293;10
499;11853;8
308;5587;2
237;10080;10
211;7734;1
137;10177;8
476;10776;1
116;51;1
451;10232;9
3;4105;9
293;8908;8
61;9817;8
56;6009;9
352;10054;2
271;10745;3
446;1733;9
244;963;10
484;8326;8
234;5604;9
361;5701;9
289;4096;9
485;84;9
269;5862;7
359;889;2
10;6645;2
189;11537;1
254;9873;3
313;8563;1
338;8253;8
36;8374;7
424;6625;1
171;11611;8
30;5436;7
399;14059;1
385;1370;2
270;10644;7
478;3509;3
129;2407;7
61;12031;2
399;12277;7
433;11760;1
141;10638;10
355;4567;1
364;2950;2
62;4970;1
181;6771;3
107;7564;1
392;14401;2
25;11591;3
496;324;10
282;8154;9
486;185;10
58;9700;8
139;9940;3
167;9944;8
431;8685;9
98;1921;9
105;2250;8
335;8323;9
315;3704;10
216;3848;10
64;3713;1
464;8835;9
192;11981;10
113;7430;2
14;7588;3
476;7710;7
105;8359;3
244;7712;1
385;4640;7
463;11895;10
399;7368;1
182;4714;1
460;11142;8
142;5419;2
99;8739;9
86;5351;10
446;2597;2
281;7933;3
433;12129;9
37;11884;1
450;1206;8
456;3374;8
396;4590;2
470;2704;8
48;8085;8
419;10290;2
48;5792;9
246;3594;8
428;5310;10
473;252;9
247;11836;1
288;9936;2
70;3628;2
289;6555;10
412;11156;3
214;8969;3
398;9782;3
137;10170;2
187;3002;2
53;203;7
191;6970;1
135;10958;7
227;9284;8
29;11649;3
339;6892;3
348;10823;2
356;12999;2
435;6210;10
8;7633;9
364;13317;2
346;11340;9
240;2007;9
166;7868;9
494;10156;3
435;8072;9
70;4100;9
374;5434;7
468;576;3
99;428;3
350;3178;3
135;7170;2
484;9170;1
84;11489;7
153;10140;10
459;10574;7
258;2814;2
167;1796;3
202;6424;1
324;2859;1
371;14161;9
203;14088;9
256;3845;3
427;6486;3
91;5797;7
46;4524;10
167;7478;2
172;13268;2
115;3895;2
499;12344;1
143;10159;10
105;13049;9
192;7525;2
39;9875;3
404;3220;10
159;1259;9
461;10393;2
222;4298;2
192;13751;2
248;7247;3
210;754;10
258;2816;8
369;682;10
244;12910;1
399;11094;8
108;4939;9
469;11734;8
118;12463;9
314;12252;3
484;10597;1
245;13086;1
268;2479;1
408;4907;1
215;530;10
79;11565;3
478;13259;7
264;6257;2
236;13884;3
180;9207;1
31;2623;3
33;4144;10
467;165;1
45;4817;10
411;1208;9
438;14147;3
95;9272;2
157;12733;9
177;3037;3
297;9951;3
452;13678;9
268;8221;3
192;13147;8
198;14389;3
397;5542;2
323;8038;8
395;9419;10
410;204;7
41;10184;3
275;1280;3
498;2062;3
131;2669;9
42;8887;1
110;4435;1
255;2583;8
454;9252;7
369;11096;2
280;4808;3
315;5529;7
208;889;3
473;2635;10
39;13676;2
288;3413;3
367;13075;1
493;13470;3
83;696;10
178;13044;8
213;761;7
15;6805;1
140;6778;10
402;3062;2
53;612;2
143;13101;7
177;14320;7
246;1034;10
449;14334;2
76;4660;7
358;7998;1
444;6202;2
268;638;3
480;9576;1
275;6229;7
97;5753;3
184;9451;2
408;9889;10
253;2221;8
57;8239;3
479;2207;10
250;7640;9
128;8133;9
9;8229;1
344;10558;10
159;13595;1
247;13441;9
301;2107;2
143;4377;2
412;7835;2
467;4919;10
345;12669;1
8;1679;8
217;11149;7
268;9559;7
240;12380;10
249;7444;7
230;10720;3
275;8078;3
199;247;1
311;4939;10
52;229;7
66;2522;3
194;11978;7
419;1212;9
207;8478;1
22;10720;9
349;5592;8
261;187;9
372;459;1
43;11100;3
232;1080;7
266;3543;7
366;7696;7
72;4600;9
316;13355;2
64;11383;10
10;13175;2
4;11888;10
269;5490;2
313;9170;1
468;4502;3
481;9333;7
349;11918;2
197;9728;3
56;3703;8
395;985;1
178;8614;3
412;9197;2
326;9515;9
340;4595;2
138;1451;8
303;12220;9
101;384;9
233;3937;7
147;5545;2
121;11988;3
54;12361;1
365;9905;2
396;8107;8
1;13662;10
423;9859;1
285;13418;3
273;11746;1
272;12182;1
378;2420;9
353;7503;1
466;12359;3
205;457;9
383;6630;3
396;4613;8
199;4594;9
489;4858;3
83;6071;9
393;10580;3
353;3832;10
367;2326;10
169;6397;3
258;7902;7
282;10386;8
497;6299;10
432;987;10
330;9855;3
266;13194;3
427;14315;2
37;320;1
307;11286;10
217;11555;1
256;8642;1
154;1139;1
82;10126;1
295;972;1
137;10250;7
102;798;1
422;952;9
7;9851;3
260;10231;1
264;11073;3
457;11281;1
379;3401;2
37;13638;2
131;10331;3
151;8233;9
330;4298;8
363;6088;3
116;12393;2
287;11045;8
82;6945;10
436;7855;3
64;1160;9
250;8487;1
261;6297;1
466;9631;1
436;10342;3
293;6024;8
117;6914;3
220;2422;2
445;4108;1
149;10459;1
242;7805;3
19;8570;7
498;1223;8
323;6757;1
461;11477;8
30;6154;10
274;13888;9
66;5739;10
424;1954;3
276;9534;1
361;1431;9
18;10289;9
79;7451;1
338;158;7
246;12189;2
396;4382;10
359;9991;10
223;6879;2
333;2196;8
27;1045;2
110;9404;8
211;12285;9
354;3212;2
62;11398;7
365;3831;1
304;2362;8
22;3521;9
266;1168;1
265;6772;1
203;2209;7
327;11335;8
484;533;1
433;575;1
310;3688;7
8;7577;9
183;2276;2
393;9721;2
205;3953;8
161;10165;2
401;2420;9
113;5243;9
353;4695;2
356;315;9
266;171;10
260;1280;9
198;1473;7
347;9500;3
353;7176;3
471;3436;10
343;12426;2
425;570;2
300;13452;3
71;10263;7
184;13805;1
56;4664;1
142;8474;1
293;10408;10
356;4423;1
260;2717;2
265;11088;3
146;10703;9
210;13465;1
351;2081;10
307;13132;10
71;8601;9
137;6740;3
374;13246;2
337;11669;7
156;14283;7
87;2153;10
4;566;2
211;3209;1
313;13663;8
54;8017;1
66;10028;3
87;13122;1
106;13201;2
377;7746;10
190;13729;2
235;3473;3
78;10453;3
373;1339;3
335;9752;2
28;13191;10
241;4437;9
333;6798;1
413;1481;1
77;393;3
459;3734;10
183;1281;2
317;6239;1
188;7072;10
100;4530;10
24;4247;8
330;11629;9
406;8937;8
38;5451;10
439;5036;8
417;4661;7
199;9385;10
440;10707;2
78;11632;3
185;11687;2
263;3084;1
386;6248;8
268;8683;10
285;9437;8
335;7567;3
149;3536;7
11;5552;2
357;4359;8
125;2232;8
58;8829;8
17;2439;2
108;6408;1
94;1313;3
85;9102;1
304;10425;7
437;9353;1
219;12522;2
136;2493;7
298;6543;2
293;6683;8
348;9405;9
150;1522;1
36;9553;3
329;8201;1
306;3629;8
432;294;7
235;6603;2
316;6362;1
438;5397;1
252;13117;3
109;12343;7
411;5841;10
133;4407;9
29;13263;2
124;482;1
125;2621;10
415;6581;7
453;5797;7
359;940;10
422;11891;8
41;14367;2
154;1603;2
1;6474;7
361;12728;7
199;4026;7
36;11475;7
14;5906;9
256;8899;9
153;2607;8
185;12369;1
59;3599;3
191;391;3
386;5829;3
271;9345;9
45;9456;10
146;6045;9
14;11277;7
249;2738;3
442;1863;3
324;9392;1
391;9071;3
324;3956;2
170;11883;7
265;6998;1
323;6957;3
255;1457;1
18;10046;7
121;9993;9
433;10694;10
73;13509;7
425;11119;1
384;1702;7
388;1369;8
237;7835;1
254;8806;9
467;11787;3
465;1489;2
495;4286;2
220;11949;1
427;1133;2
130;12281;1
259;10051;1
165;6576;3
229;11504;2
225;14256;2
124;516;3
435;12627;3
351;9395;2
294;3464;1
1;5766;2
178;11844;3
173;5729;2
126;566;9
213;10784;1
411;14443;2
314;3318;9
303;9314;8
490;6707;7
250;2533;3
274;13541;3
291;1840;2
75;3330;1
483;7490;7
175;3031;1
326;8567;3
398;2064;7
105;6762;9
335;11320;8
361;937;7
74;3065;10
101;2602;1
382;11951;9
406;6934;3
437;5236;9
239;12047;3
106;8290;2
483;169;1
477;13665;3
125;3848;2
483;10809;9
192;2614;7
383;6618;7
489;12107;7
100;10083;9
195;1565;9
430;3039;7
27;1019;2
362;6318;7
341;5596;7
291;1691;7
482;13105;2
403;5340;8
158;14428;9
489;179;7
418;14436;7
225;8190;1
444;524;7
279;96;1
179;8735;9
366;2046;3
140;6689;7
153;13331;7
378;9117;8
174;6239;3
270;6758;2
92;12085;9
194;3068;10
436;1523;2
420;14080;3
158;11696;10
51;13570;10
15;12449;3
179;835;9
181;2322;10
134;6517;10
375;1244;1
19;215;1
158;5216;7
408;5653;10
93;5474;7
494;7632;7
43;11807;7
476;7620;7
230;12495;2
328;5292;3
29;14080;9
70;3401;7
156;6489;3
408;8216;9
115;318;3
343;8617;9
389;5534;9
250;10508;10
35;8650;10
434;11269;8
416;2043;3
390;2781;10
123;12063;2
174;1627;1
383;6691;9
286;6983;9
164;4191;10
446;104;8
385;12438;2
449;11076;9
427;3399;7
130;10707;2
378;4231;3
139;5064;2
392;5524;3
11;1882;3
330;12751;2
425;1923;8
26;9428;2
386;8582;10
370;2405;3
205;1294;2
289;11109;1
303;13956;1
246;6666;10
362;9795;8
437;7389;10
287;4056;9
98;10782;1
184;8022;10
406;7561;8
249;7063;10
344;3943;3
406;8545;3
118;2528;1
325;7613;1
316;9654;3
234;12842;8
29;5196;2
20;13336;9
20;6011;9
475;11288;10
283;6638;10
264;6841;9
343;14542;2
332;9860;2
220;6455;10
365;6366;8
242;10953;1
84;3146;8
172;905;2
461;7845;3
435;8489;3
173;9762;3
131;10849;7
98;4495;3
31;7910;2
10;3261;2
108;7508;8
142;10425;2
255;6432;8
176;9622;7
209;6792;3
59;8466;3
178;2400;10
476;8239;7
220;1881;9
63;7757;2
50;13749;10
11;3900;1
70;7277;9
65;972;1
201;3497;10
43;8598;1
142;1910;1
289;9295;10
52;12400;1
331;4114;3
57;11095;3
446;9242;7
472;8026;1
123;11874;7
350;3396;2
394;9659;10
68;13254;10
64;857;2
33;6542;1
251;10654;10
396;11279;7
369;11180;9
46;6594;10
407;11667;8
425;8095;9
207;11363;3
56;13469;10
219;12936;1
140;5422;8
215;8664;9
344;13138;3
297;5150;2
245;7050;2
266;12351;8
67;9073;2
175;1992;1
196;7202;10
333;13452;1
389;4715;3
340;11167;2
218;281;2
369;2467;3
381;3404;8
366;4945;10
70;5623;3
75;7487;2
221;7574;3
326;4161;7
248;358;2
252;5053;2
125;13910;8
149;194;3
233;7805;1
473;1752;9
418;14423;3
370;5060;3
407;3586;2
134;5774;9
381;5831;10
105;7596;1
282;2687;8
73;8764;3
113;8512;8
304;9772;2
248;1875;7
272;5540;3
448;14456;3
168;8437;1
322;9376;3
487;51;9
461;11517;10
459;77;2
306;2393;10
303;2112;7
149;11231;3
24;7180;8
72;11648;1
431;6139;1
211;1129;7
137;14085;8
182;2893;10
491;3880;7
76;6763;9
28;3883;1
336;6155;3
271;806;7
265;14209;3
280;3345;9
222;9699;1
396;12727;1
400;12484;7
39;3908;10
72;8766;9
490;9328;1
245;7316;3
99;2063;2
277;8633;3
440;14384;2
4;8151;1
450;11412;3
298;9424;1
62;2893;10
417;3431;7
422;2994;7
146;10616;9
416;3132;3
369;8990;1
433;2740;7
246;9668;7
27;13380;9
174;5609;9
411;11558;1
329;3856;10
413;2507;2
296;7394;7
101;6931;2
446;14548;9
499;5722;10
164;3116;9
64;5332;7
48;6484;7
360;1329;1
392;6561;9
216;2284;3
212;4871;9
487;13463;1
164;5309;1
435;2409;2
450;741;8
177;9872;3
264;429;8
254;14361;9
216;5717;9
124;14139;7
314;11690;9
201;5340;9
23;3961;2
165;9041;8
154;10433;7
161;14054;3
133;9015;1
410;4521;3
53;12918;1
336;2526;7
50;13936;3
203;1747;10
442;10252;2
493;13265;10
142;8379;3
373;9399;2
151;11697;8
97;9429;8
292;6595;9
337;9483;3
19;5692;7
156;8111;1
146;2114;9
218;13960;10
37;7696;2
474;1253;1
303;12220;9
473;13599;8
10;7864;1
270;5024;8
317;11268;2
386;8589;3
372;2505;9
435;7084;3
436;13025;2
25;2084;2
352;1275;2
278;9748;3
462;1099;7
96;9135;3
36;9427;8
277;9909;8
373;11450;3
293;7163;10
197;9991;7
148;3535;8
231;14521;9
392;998;3
200;6542;3
392;10918;9
469;4862;8
228;3097;9
211;6589;1
468;1745;10
43;939;8
291;11537;2
155;11717;3
90;11595;8
487;6691;10
319;12197;9
440;5383;1
494;1269;7
408;8751;7
108;4259;2
138;9071;2
96;13719;9
283;6807;7
32;6419;2
189;3969;10
214;9982;10
257;12381;1
279;5852;9
148;285;7
379;7119;7
184;861;1
267;12196;10
251;2796;8
139;12358;10
491;2192;9
370;9535;2
229;3514;1
173;6624;9
267;12155;9
383;4082;9
295;452;9
226;10425;3
71;981;2
80;10692;7
298;3225;10
273;2989;2
193;4550;10
232;10355;2
240;13391;7
97;11775;3
216;14456;7
437;7546;1
241;12188;10
37;6098;2
373;12676;2
463;10382;3
282;13336;9
37;3097;9
333;8132;7
304;6247;9
352;7859;8
136;14445;7
332;6415;7
375;7862;3
38;11613;3
35;13143;10
382;2993;1
150;5989;8
212;831;7
301;10737;7
80;7357;3
206;5442;1
320;11159;10
351;13867;1
488;10526;10
65;13462;3
83;4394;1
239;10323;3
116;7184;10
45;3741;7
417;13558;9
377;10406;2
40;5273;2
320;9118;10
374;11680;1
74;7985;1
330;6468;1
368;6491;1
422;5778;10
328;11328;2
235;698;3
159;13403;1
257;992;3
222;9741;7
127;6610;10
490;7971;1
454;5154;3
36;273;10
261;10457;2
107;9987;2
99;11918;2
148;5893;8
70;8269;8
246;169;1
210;2712;7
312;9312;7
445;4422;7
373;9195;1
90;6903;3
351;5916;7
426;8476;1
266;1908;1
465;6859;8
317;1357;3
436;10440;10
298;12725;1
258;3035;2
135;9771;1
16;1488;3
135;7174;2
487;12716;10
491;7784;3
272;8615;2
112;4194;7
36;10763;7
174;7131;7
86;11347;8
127;4783;10
293;12095;8
8;9116;9
163;3903;9
336;13022;10
400;534;10
87;13601;9
94;8817;8
48;13252;2
381;8100;1
75;13119;3
6;1749;1
16;14543;3
210;8715;2
491;2228;8
190;891;10
177;9568;9
327;8980;7
227;10450;8
403;5149;8
303;1637;3
202;13210;7
205;13801;3
317;68;9
213;9440;2
185;2647;7
316;10398;8
46;1874;9
265;10573;3
173;7371;2
342;5320;9
57;1352;3
127;8843;9
339;2438;9
477;2536;3
183;11468;7
57;2090;2
376;11102;2
405;12429;9
397;8281;10
166;11353;3
463;12239;9
35;6269;3
194;13659;9
405;8765;3
441;9448;1
35;95;1
172;605;10
172;2415;3
77;3242;1
196;10484;1
52;4754;7
441;2663;10
366;2308;1
276;11602;2
487;624;2
112;10603;7
222;10951;10
156;9629;9
470;12259;7
18;13606;10
246;8500;2
236;7208;8
414;12702;1
84;5507;3
58;2976;1
153;1975;10
263;5275;8
80;8841;2
121;12807;9
117;12438;1
468;4435;3
213;325;3
340;3368;2
17;12333;10
339;3696;9
335;5562;8
400;9947;3
154;4098;10
204;2565;2
162;1680;9
370;3324;2
62;14430;1
9;11147;10
483;6550;3
184;12432;8
212;10763;2
445;14036;7
259;10662;7
274;2269;7
72;8555;1
383;3743;1
260;6444;8
413;9896;1
349;11602;1
434;6759;9
335;10458;2
498;692;2
327;75;3
233;9001;7
410;6197;2
64;3375;1
29;2349;2
55;4139;3
141;1620;8
101;1040;10
4;10504;1
298;2913;10
438;3982;8
91;7737;7
391;9093;9
388;5006;2
460;11855;2
57;12605;3
382;1760;7
387;5013;10
94;6165;9
487;7454;2
205;4147;1
249;7923;1
62;8970;9
327;2422;3
231;1979;7
164;8809;7
308;9537;10
424;1509;9
417;8305;7
157;6945;7
155;7101;9
351;6742;1
177;1893;2
15;10054;10
148;10721;8
311;7061;3
253;13696;1
478;10562;7
434;13191;1
127;3442;3
474;5781;9
342;7656;1
152;5444;9
452;11722;1
242;765;1
209;12673;8
43;12724;1
201;1396;3
158;12178;7
62;6772;1
491;8028;2
362;7546;8
318;9502;3
141;6395;3
108;4830;2
8;6262;1
354;5905;1
142;14227;7
185;3033;2
204;11376;7
23;12127;2
172;4950;2
104;8450;7
279;1366;10
328;14376;8
59;11666;1
339;10524;1
333;10616;7
223;10270;2
152;6320;1
267;9299;8
491;13633;3
1;6304;10
396;3175;3
402;13370;1
177;9518;1
318;12825;3
489;11119;3
438;285;3
171;9612;2
158;3389;7
127;13596;3
29;5256;10
341;4970;9
306;9411;2
112;5796;2
267;7125;1
186;6205;2
83;7711;10
110;9802;7
440;8340;3
462;4530;1
265;2985;2
310;6872;1
473;10725;3
260;774;3
60;3922;2
446;2968;3
291;7691;8
359;12291;8
300;12132;8
311;232;10
54;10628;2
216;3917;2
231;119;8
219;12884;1
99;6017;8
265;7076;10
69;7255;7
225;5770;3
77;2435;1
31;7138;1
24;3035;8
341;9462;2
134;7772;2
328;14542;2
499;2732;1
254;4806;10
53;2486;9
67;4208;9
18;1673;1
400;12458;2
186;10334;3
351;2367;2
2;9090;3
286;9444;7
310;832;2
289;11142;10
450;623;10
210;7361;9
55;5118;8
238;1257;1
275;11339;3
64;4572;1
293;5405;8
2;2556;7
9;728;9
224;5561;8
322;12820;2
327;456;3
9;262;10
285;9765;1
42;2149;10
41;10057;1
11;11156;3
74;10788;7
494;6472;10
395;5808;1
453;1287;2
307;846;3
383;7609;2
199;11223;7
85;9682;7
444;1813;10
308;3453;2
233;2292;1
247;11082;2
2;12633;3
131;8582;3
172;6911;7
57;6537;9
224;12966;1
53;7856;2
79;7205;10
251;9517;1
158;483;2
55;1301;7
457;9851;9
1;11691;1
14;959;1
430;11806;3
347;8104;10
94;14231;9
248;262;10
14;274;9
448;3994;3
255;11572;1
331;13635;3
45;4923;1
113;10817;9
391;5404;9
461;3644;9
261;8633;9
375;10425;9
52;7142;8
336;6368;2
67;8911;9
304;1349;2
287;6069;2
230;9434;2
38;7709;1
4;6352;3
462;9434;10
240;2593;2
128;13242;3
